,,,,,,,MEN DENIM SIZE CURVE,28,29,30,31,32,33,34,36,38,40,42,,
,,,,,,,WOMEN DENIM SIZE CURVE,24,25,26,27,28,29,30,31,32,33,34,,
,,,,,,,TOPS SIZE CURVE,XS,S,M,L,XL,2XL,3XL,4XL,,,,,
REF,Supplier Code,Gender,COLOUR,Description,Wholesale Price,Recommended Retail Price,Category,,,,,,,,,,,,Total Units,Total Value
TR1,700217 1800,MEN,WHITE,True Religion Geno Sn Flap Slim Optic White,"R1,521.30","R3,499.00",Jeans,1,1,2,2,2,2,2,2,2,2,1,19,"R28,904.78"
TR2,109337 1001,MEN,BLACK,True Religion Ss Overt Patch Polo Jet Black,R869.13,"R1,999.00",Golfers,,5,5,5,5,3,2,,,,,25,"R21,728.26"
TR3,109337 1700,MEN,WHITE,True Religion Ss Overt Patch Polo Optic White,R869.13,"R1,999.00",Golfers,,5,5,5,5,3,2,,,,,25,"R21,728.26"
TR4,108918 1001,MEN,BLACK,True Religion Ss Uni Logo Tee Jet Black,R564.78,"R1,299.00",T-Shirts,2,5,5,5,5,3,2,,,,,27,"R15,249.13"
TR5,109012 1001,MEN,BLACK,True Religion Ribbed Sweat Short Jet Black,R869.13,"R1,999.00",Shorts,,,,2,,,1,,,,,3,"R2,607.39"
TR6,109020 IWFR,MEN,BLUE MARINE,True Religion Rocco Super T Flap 32 In Blue Mariner Wash With Rips,"R2,390.87","R5,499.00",Jeans,3,3,4,4,4,4,4,4,3,2,2,37,"R88,462.17"
TR7,109021 IWID,MEN,DARK WASH,True Religion Ricky Super T Flap 34In Midnight Warehouse Dark Wash,"R2,390.87","R5,499.00",Jeans,3,3,4,4,4,4,4,4,3,2,2,37,"R88,462.17"
TR8,109028 IWFL,MEN,FADED BLUE,True Religion Ricky Sn Flap Short Fray Blue Mariner Light Wash,"R1,130.00","R2,599.00",Shorts,2,2,2,1,2,2,2,2,2,2,2,21,"R23,730.00"
TR9,109404 2SB,MEN,BLACK,True Religion Rocco Super T Nf 32In 2Sb Black Rinse,"R2,390.87","R5,499.00",Jeans,3,3,4,4,4,4,4,4,3,2,2,37,"R88,462.17"
TR10,109407 1001,MEN,BLACK,True Religion Ss True Vintage No1 Tee Jet Black,R608.26,"R1,399.00",T-Shirts,2,5,5,5,5,3,2,,,,,27,"R16,423.04"
TR11,109407 1501,MEN,GREY,True Religion Ss True Vintage No1 Tee Heather Grey,R608.26,"R1,399.00",T-Shirts,2,5,5,5,1,1,,,,,,19,"R11,556.96"
TR12,109407 1700,MEN,WHITE,True Religion Ss True Vintage No1 Tee Optic White,R608.26,"R1,399.00",T-Shirts,2,5,4,5,5,3,2,,,,,26,"R15,814.78"
TR13,109407 4004,MEN,BLUE,True Religion Ss True Vintage No1 Tee Mazarine Blue,R608.26,"R1,399.00",T-Shirts,2,5,5,5,1,1,,,,,,19,"R11,556.96"
TR14,208753 IUVM,WOMEN,BLUE,True Religion Joey Lr Short Flap Lunar Bleach,R869.13,"R1,999.00",Shorts,2,1,2,2,1,2,2,2,2,2,2,20,"R17,382.61"
TR15,209029 1001,WOMEN,BLACK,True Religion Crystal Tr Buddha Crew Tee Jet Black,R608.26,"R1,399.00",T-Shirts,3,3,3,3,2,,,,,,,14,"R8,515.65"
TR16,209029 1700,WOMEN,WHITE,True Religion Crystal Tr Buddha Crew Tee Optic White,R608.26,"R1,399.00",T-Shirts,2,2,2,2,,,,,,,,8,"R4,866.09"
TR17,209055 IUTM,WOMEN,MARINA,True Religion Crystal Wing Becca Boot Flap Marina,"R1,651.74","R3,799.00",Jeans,2,2,2,2,2,2,3,2,2,2,2,23,"R37,990.00"
TR18,208746 IVNM,WOMEN,BLUE,True Religion Becca Mr Bootcut Super T Crowd Surf Blue,"R2,390.87","R5,499.00",Jeans,2,2,2,2,2,2,2,2,2,2,2,22,"R52,599.13"
TR19,208750 IUMG,WOMEN,STAGE DIVE,True Religion Twist Seam Jennie Mr Flap Bigt Stage Dive,"R1,738.70","R3,999.00",Jeans,2,2,2,2,2,2,2,2,2,2,2,22,"R38,251.30"
TR20,109091 1001,MEN,BLACK,True Religion Ss Buddha Patch Polo Jet Black,R869.13,"R1,999.00",Golfers,,5,5,5,5,3,2,,,,,25,"R21,728.26"
TR21,109091 1700,MEN,WHITE,True Religion Ss Buddha Patch Polo Optic White,R869.13,"R1,999.00",Golfers,,5,5,5,5,3,2,,,,,25,"R21,728.26"
TR22,109091 4004,MEN,MAZARINE BLUE,True Religion Ss Buddha Patch Polo Mazarine Blue,R869.13,"R1,999.00",Golfers,,5,5,5,5,3,2,,,,,25,"R21,728.26"
TR23,109091 6909,MEN,RED,True Religion Ss Buddha Patch Polo Trv Red,R869.13,"R1,999.00",Golfers,,5,5,5,5,3,2,,,,,25,"R21,728.26"
TR24,109217 IRWL,MEN,LIGHT WASH,True Religion Ovr Dtrs Jacqrd Ropestitch Jkt City Lights Light Wash,"R2,521.30","R5,799.00",Jackets,2,5,5,5,5,3,2,,,,,27,"R68,075.22"
TR25,109240 1001,MEN,BLACK,True Religion Big T Slub Zip Up Hoodie Jet Black,"R1,651.74","R3,799.00",Hoodies And Sweaters,,4,4,4,4,3,2,,,,,21,"R34,686.52"
TR26,109240 1501,MEN,GREY,True Religion Big T Slub Zip Up Hoodie Heather Grey,"R1,651.74","R3,799.00",Hoodies And Sweaters,,1,1,1,1,2,1,,,,,7,"R11,562.17"
TR27,109240 4610,MEN,BLUE,True Religion Big T Slub Zip Up Hoodie Medieval Blue,"R1,651.74","R3,799.00",Hoodies And Sweaters,,4,4,4,4,3,2,,,,,21,"R34,686.52"
TR28,109243 1001,MEN,BLACK,True Religion Cinched Applique Pullover Hood Jet Black,"R1,260.43","R2,899.00",Hoodies And Sweaters,,4,4,4,4,3,2,,,,,21,"R26,469.13"
TR29,109243 6499,MEN,LAVA,True Religion Cinched Applique Pullover Hood Molten Lava,"R1,260.43","R2,899.00",Hoodies And Sweaters,,4,4,4,4,3,2,,,,,21,"R26,469.13"
TR30,109263 1001,MEN,BLACK,True Religion Long Sweatshorts Jet Black,R869.13,"R1,999.00",Shorts,,4,4,4,4,3,1,,,,,20,"R17,382.61"
TR31,109263 2701,MEN, TRAVERTINE,True Religion Long Sweatshorts Travertine,R869.13,"R1,999.00",Shorts,,4,4,4,4,3,1,,,,,20,"R17,382.61"
TR32,109277 1001,MEN,BLACK,True Religion Oversized Ss Mesh Polo Jet Black,R869.13,"R1,999.00",Golfers,,4,4,4,4,2,1,,,,,19,"R16,513.48"
TR33,109277 4610,MEN,BLUE,True Religion Oversized Ss Mesh Polo Medieval Blue,R869.13,"R1,999.00",Golfers,,4,4,4,4,2,1,,,,,19,"R16,513.48"
TR34,109279 1001,MEN,BLACK,True Religion Mesh Basketball Short Black,R869.13,"R1,999.00",Shorts,,3,3,3,3,2,,,,,,14,"R12,167.83"
TR35,109279 4610,MEN,BLUE,True Religion Mesh Basketball Short Medieval Blue,R869.13,"R1,999.00",Shorts,,3,3,3,3,2,,,,,,14,"R12,167.83"
TR36,109285 1001,MEN,BLACK,True Religion Ss Puff Stitch Tee Jet Black,R608.26,"R1,399.00",T-Shirts,2,5,5,5,5,3,2,,,,,27,"R16,423.04"
TR37,109285 1501,MEN,GREY,True Religion Ss Puff Stitch Tee Heather Grey,R608.26,"R1,399.00",T-Shirts,,3,3,3,3,2,1,,,,,15,"R9,123.91"
TR38,109285 1700,MEN,WHITE,True Religion Ss Puff Stitch Tee Optic White,R608.26,"R1,399.00",T-Shirts,2,5,5,5,5,3,2,,,,,27,"R16,423.04"
TR39,109288 1001,MEN,BLACK,True Religion Ss Buddha Face Flock Tee Black,R608.26,"R1,399.00",T-Shirts,2,5,5,5,5,3,2,,,,,27,"R16,423.04"
TR40,109288 1700,MEN,WHITE,True Religion Ss Buddha Face Flock Tee Optic White,R608.26,"R1,399.00",T-Shirts,2,5,5,5,5,3,2,,,,,27,"R16,423.04"
TR41,109288 2701,MEN,TRAVERTINE,True Religion Ss Buddha Face Flock Tee Travertine,R608.26,"R1,399.00",T-Shirts,,3,3,3,3,2,1,,,,,15,"R9,123.91"
TR42,109289 1001,MEN,BLACK,True Religion Ss Rock N Roll Tee Black,R608.26,"R1,399.00",T-Shirts,2,5,5,5,5,3,2,,,,,27,"R16,423.04"
TR43,109289 1999,MEN,WHITE,True Religion Ss Rock N Roll Tee White Top,R608.26,"R1,399.00",T-Shirts,2,4,4,4,4,3,2,,,,,23,"R13,990.00"
TR44,109289 6499,MEN,LAVA,True Religion Ss Rock N Roll Tee Molten Lava,R608.26,"R1,399.00",T-Shirts,2,4,4,4,4,3,2,,,,,23,"R13,990.00"
TR45,109292 1001,MEN,BLACK,True Religion Ss Embro Arch Logo Tee Jet Black,R695.22,"R1,599.00",T-Shirts,2,5,5,5,5,4,2,,,,,28,"R19,466.09"
TR46,109292 1238,MEN,GREY,True Religion Ss Embro Arch Logo Tee Quiet Grey,R695.22,"R1,599.00",T-Shirts,2,5,5,5,5,4,2,,,,,28,"R19,466.09"
TR47,109292 6909,MEN,RED,True Religion Ss Embro Arch Logo Tee Trv Red,R695.22,"R1,599.00",T-Shirts,2,5,5,5,5,4,2,,,,,28,"R19,466.09"
TR48,109308 1001,MEN,BLACK,True Religion Applique Sweatshorts Jet Black,R869.13,"R1,999.00",Shorts,,4,4,4,4,3,2,,,,,21,"R18,251.74"
TR49,109308 6499,MEN,LAVA,True Religion Applique Sweatshorts Molten Lava,R869.13,"R1,999.00",Shorts,,4,4,4,4,3,2,,,,,21,"R18,251.74"
TR50,109464 IYBM,MEN,MEDIUM WASH,True Religion True Oversized Super T Jacket Medium Wash,"R2,130.00","R4,899.00",Jackets,,5,5,5,5,3,2,,,,,25,"R53,250.00"
TR51,109479 1001,MEN,BLACK,True Religion Script Cinched Sweatshirt Jet Black,"R1,130.00","R2,599.00",Hoodies And Sweaters,,3,4,2,4,3,2,,,,,18,"R20,340.00"
TR52,109479 2701,MEN,TRAVERTINE,True Religion Script Cinched Sweatshirt Travertine,"R1,130.00","R2,599.00",Hoodies And Sweaters,,4,4,4,4,3,2,,,,,21,"R23,730.00"
TR53,109698 1001,MEN,BLACK,True Religion Big T Slub Short Jet Black,R999.57,"R2,299.00",Shorts,,2,2,2,2,2,1,,,,,11,"R10,995.22"
TR54,109698 1501,MEN,GREY,True Religion Big T Slub Short Heather Grey,R999.57,"R2,299.00",Shorts,,4,4,4,4,3,2,,,,,21,"R20,990.87"
TR55,109698 4610,MEN,BLUE,True Religion Big T Slub Short Medieval Blue,R999.57,"R2,299.00",Shorts,,4,4,4,4,3,2,,,,,21,"R20,990.87"
TR56,109193 IYYD,MEN,DARK WASH,True Religion Rocco Super T Nf 32 In Jackknife Dark Wash,"R2,390.87","R5,499.00",Jeans,3,4,2,4,3,4,2,2,1,3,3,31,"R74,116.96"
TR57,109194 2SB,MEN,BLACK,True Religion Ricky Super T Flap 34In 2Sb Black Rinse,"R2,390.87","R5,499.00",Jeans,3,4,4,4,4,4,4,4,3,3,3,40,"R95,634.78"
TR58,109195 IYCR,MEN,LIGHT WASH,True Religion Bobby Supert Flap 32 In Lt Clearwater Wash With Rips,"R2,390.87","R5,499.00",Jeans,3,2,3,0,3,2,3,3,3,2,2,26,"R62,162.61"
TR59,109216 IRWL,MEN,LIGHT WASH,True Religion Dtrsd Jqrd Ricky Rope Flp 34In City Lights Light Wash,"R2,521.30","R5,799.00",Jeans,2,5,4,4,4,4,4,4,3,3,3,40,"R100,852.17"
TR60,109196 2S,MEN,BLACK,True Religion Geno Super T Flap 32 In 2S Body Rinse,"R2,390.87","R5,499.00",Jeans,3,4,5,5,5,5,5,4,3,3,3,45,"R107,589.13"
TR61,109197 IYCL,MEN,LIGHT WASH,True Religion Matt Super T No Flap 32In Light Clearwater Wash,"R2,390.87","R5,499.00",Jeans,3,4,5,5,5,5,5,4,3,3,3,45,"R107,589.13"
TR62,109953 IXZM,MEN,MEDIUM WASH,True Religion Mikey Super T No Flap 32 In Headspace Medium Wash,"R2,390.87","R5,499.00",Jeans,3,4,5,5,5,5,5,4,3,3,3,45,"R107,589.13"
TR63,109199 IYGB,MEN,BLACK,True Religion Ricky Super T Nf 34In Resistance Black Wash,"R2,390.87","R5,499.00",Jeans,3,4,5,5,5,5,5,4,3,3,3,45,"R107,589.13"
TR64,109201 IZQD,MEN,DARK WASH,True Religion Rocco Big T No Flp Ovrsized Hs Street Lights Dark Wash,"R1,738.70","R3,999.00",Jeans,4,5,6,6,6,6,6,6,3,3,3,54,"R93,889.57"
TR65,109311 IRTB,MEN,BLACK,True Religion Ricky Big T Nf Ovrszed Hs 34In Chantey Black Wash,"R1,738.70","R3,999.00",Jeans,3,4,5,5,5,5,5,4,3,3,3,45,"R78,241.30"
TR66,109202 JEBL,MEN,LIGHT WASH,True Religion Billy Sn Flap 34In Beach Trail Light Wash,"R1,390.87","R3,199.00",Jeans,,4,5,5,5,5,5,4,3,3,3,42,"R58,416.52"
TR67,109204 IXZM,MEN,MEDIUM WASH,True Religion Ricky Sn Flap 34In Headspace Medium Wash,"R1,390.87","R3,199.00",Jeans,3,4,5,5,5,5,5,4,3,3,3,45,"R62,589.13"
TR68,109206 ISRD,MEN,DARK WASH,True Religion Vinny Sn Flap 34In Nightcap Dark Wash,"R1,390.87","R3,199.00",Jeans,3,3,4,4,4,4,4,4,3,3,3,39,"R54,243.91"
TR69,109211 IYBM,MEN,MEDIUM WASH,True Religion True Bobby Super T Flap Short Beached Out Medium Wash,"R1,738.70","R3,999.00",Shorts,3,4,5,5,5,5,3,3,3,2,,38,"R66,070.43"
TR70,109952 IZQD,MEN,DARK WASH,True Religion Ricky Bigt Nf Ovrsizd Hs Short Dark Wash,"R1,390.87","R3,199.00",Shorts,3,4,5,5,5,5,5,5,2,1,,40,"R55,634.78"
TR71,109466 IRTB,MEN,BLACK,True Religion Ricky Bigt Nf Ovrszd Hs Short Chantey Black Wash,"R1,390.87","R3,199.00",Shorts,3,4,5,5,5,5,5,5,2,1,,40,"R55,634.78"
TR72,109214 IYMR,MEN,MEDIUM WASH,True Religion Ricky Sn Flap Fray Hem Short Cruiseline Medium Wash W/ Rips,"R1,260.43","R2,899.00",Shorts,3,4,5,5,5,5,5,4,0,1,,37,"R46,636.09"
TR73,109268 1001,MEN,BLACK,True Religion Bigt Vintage Metallic Zip Up Jet Black,"R1,651.74","R3,799.00",Hoodies And Sweaters,,3,3,3,3,2,1,,,,,15,"R24,776.09"
TR74,109268 4610,MEN,BLUE,True Religion Bigt Vintage Metallic Zip Up Medieval Blue,"R1,651.74","R3,799.00",Hoodies And Sweaters,,3,3,3,3,2,1,,,,,15,"R24,776.09"
TR75,109271 1001,MEN,BLACK,True Religion Snap Off Track Jacket Jet Black,"R1,651.74","R3,799.00",Jackets,,4,4,4,4,3,1,,,,,20,"R33,034.78"
TR76,109273 1001,MEN,BLACK,True Religion Snap Off Baggy Track Pants Jet Black,"R1,260.43","R2,899.00",Pants,,4,4,4,4,3,1,,,,,20,"R25,208.70"
TR77,109275 1001,MEN,BLACK,True Religion Ss Pique Mineral Patch Henley Jet Black,R869.13,"R1,999.00",T-Shirts,,5,5,5,5,3,2,,,,,25,"R21,728.26"
TR78,109275 1238,MEN,GREY,True Religion Ss Pique Mineral Patch Henley Quiet Grey,R869.13,"R1,999.00",T-Shirts,,5,5,5,5,3,2,,,,,25,"R21,728.26"
TR79,109275 2701,MEN,TRAVERTINE,True Religion Ss Pique Mineral Patch Henley Travertine,R869.13,"R1,999.00",T-Shirts,,5,5,5,5,3,2,,,,,25,"R21,728.26"
TR80,109275 4002,MEN,NAVY,True Religion Ss Pique Mineral Patch Henley Midnight,R869.13,"R1,999.00",T-Shirts,,5,5,5,5,3,2,,,,,25,"R21,728.26"
TR81,109293 1001,MEN,BLACK,True Religion Ss Skeleton Hs Embro Tee Jet Black,R608.26,"R1,399.00",T-Shirts,1,5,5,5,5,4,2,,,,,27,"R16,423.04"
TR82,109293 1702,MEN,WHITE,True Religion Ss Skeleton Hs Embro Tee Winter White,R608.26,"R1,399.00",T-Shirts,2,5,5,5,5,4,2,,,,,28,"R17,031.30"
TR83,109293 6909,MEN,RED,True Religion Ss Skeleton Hs Embro Tee Trv Red,R608.26,"R1,399.00",T-Shirts,2,5,5,5,5,4,2,,,,,28,"R17,031.30"
TR84,109295 1001,MEN,BLACK,True Religion Ss Made Fresh Tee Jet Black,R608.26,"R1,399.00",T-Shirts,2,5,5,5,5,4,2,,,,,28,"R17,031.30"
TR85,109295 1700,MEN,WHITE,True Religion Ss Made Fresh Tee Optic White,R608.26,"R1,399.00",T-Shirts,2,5,5,5,5,4,1,,,,,27,"R16,423.04"
TR86,109296 1001,MEN,BLACK,True Religion Ss Crinkle Paint Tee Jet Black,R608.26,"R1,399.00",T-Shirts,2,5,5,5,5,4,2,,,,,28,"R17,031.30"
TR87,109296 1700,MEN,WHITE,True Religion Ss Crinkle Paint Tee Optic White,R608.26,"R1,399.00",T-Shirts,2,5,5,5,5,4,2,,,,,28,"R17,031.30"
TR88,109296 6909,MEN,RED,True Religion Ss Crinkle Paint Tee Trv Red,R608.26,"R1,399.00",T-Shirts,2,5,5,5,5,4,2,,,,,28,"R17,031.30"
TR89,109297 1001,MEN,BLACK,True Religion Ss Flock Oversized Tee Jet Black,R608.26,"R1,399.00",T-Shirts,2,5,5,5,5,4,2,,,,,28,"R17,031.30"
TR90,109297 4002,MEN,BLUE,True Religion Ss Flock Oversized Tee Midnight Blue,R608.26,"R1,399.00",T-Shirts,2,4,5,5,5,4,2,,,,,27,"R16,423.04"
TR91,109297 6909,MEN,RED,True Religion Ss Flock Oversized Tee Trv Red,R608.26,"R1,399.00",T-Shirts,2,5,5,5,5,4,2,,,,,28,"R17,031.30"
TR92,109298 1001,MEN,BLACK,True Religion Ss Registered Hs Beach Tee Jet Black,R608.26,"R1,399.00",T-Shirts,2,5,5,5,5,4,2,,,,,28,"R17,031.30"
TR93,109298 1700,MEN,WHITE,True Religion Ss Registered Hs Beach Tee Optic White,R608.26,"R1,399.00",T-Shirts,2,5,5,5,5,4,2,,,,,28,"R17,031.30"
TR94,109318 1787,MEN,MULTI,True Religion Aop Sn Board Short White / Mix,R869.13,"R1,999.00",Shorts,,3,3,3,3,2,1,,,,,15,"R13,036.96"
TR95,109220 ISRD,MEN,DARK WASH,True Religion Rocco Super T No Flap 32In Dark Wash,"R2,390.87","R5,499.00",Jeans,3,4,5,5,5,5,5,4,3,3,3,45,"R107,589.13"
TR96,109468 1001,MEN,BLACK,True Religion Baggy Utlity Big T Pant Black,"R1,738.70","R3,999.00",Pants,3,3,3,3,3,3,3,3,2,2,,28,"R48,683.48"
TR97,109468 2701,MEN,TRAVERTINE,True Religion Baggy Utlity Big T Pant Travertine,"R1,738.70","R3,999.00",Pants,3,3,3,3,3,3,3,3,2,2,,28,"R48,683.48"
TR98,109469 2SB,MEN,BLACK,True Religion Ricky Bigt Nf Buddha Embr 34In 2Sb Black Rinse,"R1,738.70","R3,999.00",Jeans,3,4,4,3,4,4,4,4,3,3,2,38,"R66,070.43"
TR99,109951 ISRD,MEN,DARK WASH,True Religion Vinny Sn Nf Buddha Embro 34In Dark Wash,"R1,651.74","R3,799.00",Jeans,3,4,4,4,4,4,4,4,3,3,2,39,"R64,417.83"
TR100,109234 IYGB,MEN,DARK WASH,True Religion Rocco Sn No Flap 32In Resistance Black Wash,"R1,390.87","R3,199.00",Jeans,3,4,4,4,4,4,4,4,3,3,2,39,"R54,243.91"
TR101,109235 IZQD,MEN,DARK WASH,True Religion Ricky Sn Flap 34In Street Lights Dark Wash,"R1,390.87","R3,199.00",Jeans,3,4,4,4,4,4,4,4,3,3,2,39,"R54,243.91"
TR102,109237 IYMM,MEN,MEDIUM WASH,True Religion Vinny Tear Away Sn Flp 32In Whisper Medium Wash,"R1,738.70","R3,999.00",Jeans,3,4,4,4,4,4,4,4,3,3,2,39,"R67,809.13"
TR103,109242 2SB,MEN,BLACK,True Religion Bobby Flap Rope Stitch Short 2Sb Black Rinse,"R1,738.70","R3,999.00",Shorts,2,3,3,3,3,3,3,2,2,,,24,"R41,728.70"
TR104,109702 IYYD,MEN,DARK WASH,True Religion Vinny Rope Stitch Short Flap Jackknife Dark Wash,"R1,738.70","R3,999.00",Shorts,2,,3,,3,,3,2,1,,,14,"R24,341.74"
TR105,109224 OPW,MEN,WHITE,True Religion Ricky Nf Super T 34In Optic White,"R2,390.87","R5,499.00",Jeans,3,4,4,4,4,4,4,4,3,2,2,38,"R90,853.04"
TR106,109283 1001,MEN,BLACK,True Religion Mesh Srs Pullover Hoodie Jet Black,"R1,651.74","R3,799.00",Hoodies And Sweaters,,4,4,4,4,2,1,,,,,19,"R31,383.04"
TR107,109299 1001,MEN,BLACK,True Religion Ss Ombre Graphic Tee Jet Black,R608.26,"R1,399.00",T-Shirts,,5,5,5,5,3,2,,,,,25,"R15,206.52"
TR108,109299 1700,MEN,WHITE,True Religion Ss Ombre Graphic Tee Optic White,R608.26,"R1,399.00",T-Shirts,,5,5,5,5,3,2,,,,,25,"R15,206.52"
TR109,109300 1001,MEN,BLACK,True Religion Ss Vintage Puff Buddha Tee Jet Black,R695.22,"R1,599.00",T-Shirts,,5,5,5,5,3,2,,,,,25,"R17,380.43"
TR110,109300 1601,MEN,BUCKTHORN,True Religion Ss Vintage Puff Buddha Tee Buckthorn,R695.22,"R1,599.00",T-Shirts,,5,5,5,5,3,2,,,,,25,"R17,380.43"
TR111,109300 4002,MEN,NAVY,True Religion Ss Vintage Puff Buddha Tee Midnight,R695.22,"R1,599.00",T-Shirts,,5,5,5,5,3,2,,,,,25,"R17,380.43"
TR112,109700 6909,MEN,TRAVERTINE,True Religion Mesh Baggy Sweatpants Trv Red,"R1,260.43","R2,899.00",Joggers And Swetpants,,4,4,4,4,2,1,,,,,19,"R23,948.26"
TR113,109261 IYQD,MEN,DARK WASH,True Religion Rocco Super T Nf 32In Dark Wash,"R2,390.87","R5,499.00",Jeans,3,3,3,2,2,2,,2,,,2,19,"R45,426.52"
TR114,208942 IXJM,WOMEN,INDIGO,True Religion Jennie Mr Skinny Flap Sup T Royal Indigo,"R2,390.87","R5,499.00",Jeans,3,3,3,3,3,3,3,3,3,2,2,31,"R74,116.96"
TR115,208941 INWL,WOMEN,GISELLE,True Religion Becca Mr Bootcut Flap Sup T Giselle,"R2,390.87","R5,499.00",Jeans,3,3,3,3,3,3,3,3,3,2,2,31,"R74,116.96"
TR116,208943 IZFD,WOMEN,TEAL,True Religion Low Rise Billie St Flap Sup T Twilight Teal,"R2,390.87","R5,499.00",Jeans,3,3,3,3,3,3,3,3,3,2,2,31,"R74,116.96"
TR117,208956 IZB1,WOMEN,FROST,True Religion Front Zip Pkt Becca Mr Bootcut Polar Frost,"R1,651.74","R3,799.00",Jeans,3,4,4,4,4,4,4,3,3,2,2,37,"R61,114.35"
TR118,208955 IXJM,WOMEN,INDIGO,True Religion I Love True Jennie Mr Skinny Royal Indigo,"R1,651.74","R3,799.00",Jeans,3,4,4,4,4,4,4,3,3,2,2,37,"R61,114.35"
TR119,209169 HWRN,WOMEN,PEAK SPOT,True Religion I Love True Becca Mr Bootcut Peak Spot,"R1,651.74","R3,799.00",Jeans,3,4,4,4,2,4,2,1,1,2,2,29,"R47,900.43"
TR120,208957 6713,WOMEN,SUNKIST CORAL,True Religion Becca Mr Boot Big T Flap Sunkist Coral,"R1,738.70","R3,999.00",Jeans,2,1,2,1,2,1,2,1,1,2,,15,"R26,080.43"
TR121,208957 3563,WOMEN,GREEN,True Religion Becca Mr Boot Big T Flap Daiquiri Green,"R1,738.70","R3,999.00",Jeans,2,1,2,1,2,1,2,1,1,2,,15,"R26,080.43"
TR122,208972 1702,WOMEN,WHITE,True Religion Varsity Bomber Jacket Winter White,"R1,999.57","R4,599.00",Jackets,3,4,4,4,4,3,,,,,,22,"R43,990.43"
TR123,209179 6713,WOMEN,CORAL,True Religion Cropped Vest Big T Sunkist Coral,"R1,260.43","R2,899.00",Tops And Tanks,3,3,3,1,,,,,,,,10,"R12,604.35"
TR124,209195 IZFD,WOMEN,TEAL,True Religion Denim Cropped Vest Sup T Twilight Teal,"R1,477.83","R3,399.00",Tops And Tanks,3,3,3,3,2,,,,,,,14,"R20,689.57"
TR125,209181 IZJL,WOMEN,OCEAN,True Religion Sadie Mini Skirt Flap Misty Ocean,"R1,130.00","R2,599.00",Skirts,4,4,2,4,4,2,,,,,,20,"R22,600.00"
TR126,209194 IWRM,WOMEN,CERULEAN DREAM,True Religion I Love True Joey Lr Short Cerulean Dream,"R1,130.00","R2,599.00",Shorts,2,2,2,2,2,2,2,2,2,1,1,20,"R22,600.00"
TR127,208987 IJRL,WOMEN,SEASTORM,True Religion I Love True Jennie Short Flap Seastorm,"R1,130.00","R2,599.00",Shorts,2,2,2,2,2,2,2,2,2,1,1,20,"R22,600.00"
TR128,208991 6713,WOMEN,CORAL,True Religion Joey Cut Off Big T Flap Sunkist Coral,"R1,477.83","R3,399.00",Shorts,1,1,1,1,1,1,1,1,1,,,9,"R13,300.43"
TR129,208991 3563,WOMEN,GREEN,True Religion Joey Cut Off Big T Flap Daiquiri Green,"R1,477.83","R3,399.00",Shorts,1,1,1,1,1,1,1,1,1,,,9,"R13,300.43"
TR130,208978 1998,WOMEN,WHITE,True Religion Button Up Mr Shorts Flap Brilliant White,"R1,130.00","R2,599.00",Shorts,2,2,2,2,2,2,2,2,2,1,1,20,"R22,600.00"
TR131,208980 IZGM,WOMEN,CARIBBEAN SKY,True Religion Button Up Mr Shorts Flap Caribbean Sky,"R1,130.00","R2,599.00",Shorts,2,2,2,2,2,2,2,2,2,1,1,20,"R22,600.00"
TR132,208981 IZKB,WOMEN,LAGOON MIST,True Religion Button Up Mr Shorts Flap Lagoon Mist,"R1,130.00","R2,599.00",Shorts,2,2,2,2,2,2,2,2,2,1,1,20,"R22,600.00"
TR133,209198 1700,WOMEN,WHITE,True Religion Tr Palm Tree Baby Tee Optic White,R564.78,"R1,299.00",T-Shirts,3,3,3,3,1,1,,,,,,14,"R7,906.96"
TR134,209198 1001,WOMEN,BLACK,True Religion Tr Palm Tree Baby Tee Jet Black,R564.78,"R1,299.00",T-Shirts,3,3,3,3,1,,,,,,,13,"R7,342.17"
TR135,209198 8221,WOMEN,ORANGE-PINK,True Religion Tr Palm Tree Baby Tee Exotic Orange,R564.78,"R1,299.00",T-Shirts,3,3,3,3,1,,,,,,,13,"R7,342.17"
TR136,209197 1700,WOMEN,WHITE,True Religion Embroidered Tr Hs Ss Crew Tee Optic White,R564.78,"R1,299.00",T-Shirts,3,3,3,3,1,,,,,,,13,"R7,342.17"
TR137,209197 1001,WOMEN,BLACK,True Religion Embroidered Tr Hs Ss Crew Tee Jet Black,R564.78,"R1,299.00",T-Shirts,3,3,3,3,1,,,,,,,13,"R7,342.17"
TR138,209197 6713,WOMEN,CORAL,True Religion Embroidered Tr Hs Ss Crew Tee Sunkist Coral,R564.78,"R1,299.00",T-Shirts,3,3,3,3,1,1,,,,,,14,"R7,906.96"
TR139,209362 1001,WOMEN,BLACK,True Religion Crystal Buddha Baby Tee Jet Black,R564.78,"R1,299.00",T-Shirts,3,3,3,2,1,,,,,,,12,"R6,777.39"
TR140,209362 1700,WOMEN,WHITE,True Religion Crystal Buddha Baby Tee Optic White,R564.78,"R1,299.00",T-Shirts,3,3,3,3,1,,,,,,,13,"R7,342.17"
TR141,209362 6713,WOMEN,CORAL,True Religion Crystal Buddha Baby Tee Sunkist Coral,R564.78,"R1,299.00",T-Shirts,3,3,3,3,1,1,,,,,,14,"R7,906.96"
TR142,209361 1001,WOMEN,BLACK,True Religion Crystal Wing V Notch Tee Jet Black,R608.26,"R1,399.00",T-Shirts,3,3,3,3,1,,,,,,,13,"R7,907.39"
TR143,209361 1700,WOMEN,WHITE,True Religion Crystal Wing V Notch Tee Optic White,R608.26,"R1,399.00",T-Shirts,3,3,3,3,1,,,,,,,13,"R7,907.39"
TR144,209361 3563,WOMEN,GREEN,True Religion Crystal Wing V Notch Tee Daiquiri Green,R608.26,"R1,399.00",T-Shirts,3,3,3,3,2,,,,,,,14,"R8,515.65"
TR145,209361 6005,WOMEN,SCARLET,True Religion Crystal Wing V Notch Tee Flame Scarlet,R608.26,"R1,399.00",T-Shirts,3,3,3,3,2,,,,,,,14,"R8,515.65"
TR146,209136 9602,WOMEN,MULTI,True Religion Printed Mesh Tube Top Patch Multi,R564.78,"R1,299.00",Tops And Tanks,3,3,3,3,1,,,,,,,13,"R7,342.17"
TR147,208879 6217,WOMEN,RED-WHITE,True Religion Embroidered Contrast Rib Tank Red -White,R477.83,"R1,099.00",Tops And Tanks,3,3,3,3,2,,,,,,,14,"R6,689.57"
TR148,208879 1096,WOMEN,BLACK-WHITE,True Religion Embroidered Contrast Rib Tank Black-White,R477.83,"R1,099.00",Tops And Tanks,3,3,3,3,,,,,,,,12,"R5,733.91"
TR149,208879 1836,WOMEN,WHITE-RED,True Religion Embroidered Contrast Rib Tank White-Red,R477.83,"R1,099.00",Tops And Tanks,2,3,4,3,1,,,,,,,13,"R6,211.74"
TR150,209155 1001,WOMEN,BLACK,True Religion Mesh Horseshoe Racer Tank Jet Black,R477.83,"R1,099.00",Tops And Tanks,3,1,1,1,,,,,,,,6,"R2,866.96"
TR151,209155 1700,WOMEN,WHITE,True Religion Mesh Horseshoe Racer Tank Optic White,R477.83,"R1,099.00",Tops And Tanks,1,1,1,1,1,,,,,,,5,"R2,389.13"
TR152,209128 1001,WOMEN,BLACK,True Religion Hs Bandeau Halter Crop Top Jet Black,R608.26,"R1,399.00",Tops And Tanks,3,3,3,3,1,,,,,,,13,"R7,907.39"
TR153,209666 1700,WOMEN,WHITE,True Religion Hs Bandeau Halter Crop Top Optic White,R608.26,"R1,399.00",Tops And Tanks,3,3,3,3,1,,,,,,,13,"R7,907.39"
TR154,209128 3563,WOMEN,GREEN,True Religion Hs Bandeau Halter Crop Top Daiquiri Green,R608.26,"R1,399.00",Tops And Tanks,3,3,3,3,1,,,,,,,13,"R7,907.39"
TR155,209366 1001,WOMEN,BLACK,True Religion I Love Tr Classic Zip Hoodie Jet Black,"R1,651.74","R3,799.00",Hoodies And Sweaters,3,3,3,3,1,,,,,,,13,"R21,472.61"
TR156,209366 6713,WOMEN,CORAL,True Religion I Love Tr Classic Zip Hoodie Sunkist Coral,"R1,651.74","R3,799.00",Hoodies And Sweaters,3,3,3,3,1,,,,,,,13,"R21,472.61"
TR157,209367 1001,WOMEN,BLACK,True Religion I Love Tr Mr Fleece Shorts Jet Black,R999.57,"R2,299.00",Shorts,3,3,3,3,1,,,,,,,13,"R12,994.35"
TR158,209367 6713,WOMEN,SUNKIST CORAL,True Religion I Love Tr Mr Fleece Shorts Sunkist Coral,R999.57,"R2,299.00",Shorts,3,3,3,3,1,,,,,,,13,"R12,994.35"
TR159,208887 1096,WOMEN,WHITE,True Religion French Terry Ss Zip Up Jkt Black / White,R869.13,"R1,999.00",T-Shirts,3,3,3,3,1,,,,,,,13,"R11,298.70"
TR160,208887 6217,WOMEN,WHITE,True Religion French Terry Ss Zip Up Jkt Red / White,R869.13,"R1,999.00",T-Shirts,3,3,3,3,1,,,,,,,13,"R11,298.70"
TR161,208888 1096,WOMEN,BLACK-WHITE,True Religion French Terry Hot Shorts Black / White,R869.13,"R1,999.00",Shorts,3,3,3,3,1,,,,,,,13,"R11,298.70"
TR162,208888 8104,WOMEN,ORANGE-PINK,True Religion French Terry Hot Shorts Orange/Pink,R869.13,"R1,999.00",Shorts,3,3,3,3,1,,,,,,,13,"R11,298.70"
TR163,208888 6217,WOMEN,RED-WHITE,True Religion French Terry Hot Shorts Red / White,R869.13,"R1,999.00",Shorts,3,3,3,3,1,,,,,,,13,"R11,298.70"
TR164,208889 1001,WOMEN,BLACK,True Religion Strapless Rib Maxi Dress Jet Black,"R1,130.00","R2,599.00",T-Shirts,3,3,3,3,2,,,,,,,14,"R15,820.00"
TR165,208880 1001,WOMEN,BLACK,True Religion Half Zip Cap Sleeve Rib Top Jet Black,R608.26,"R1,399.00",Tops And Tanks,3,3,3,3,1,,,,,,,13,"R7,907.39"
TR166,208880 1700,WOMEN,WHITE,True Religion Half Zip Cap Sleeve Rib Top Optic White,R608.26,"R1,399.00",Tops And Tanks,3,3,3,3,2,,,,,,,14,"R8,515.65"
TR167,208880 6713,WOMEN,CORAL,True Religion Half Zip Cap Sleeve Rib Top Sunkist Coral,R608.26,"R1,399.00",Tops And Tanks,3,3,3,3,1,,,,,,,13,"R7,907.39"
TR168,208880 6005,WOMEN,SCARLET,True Religion Half Zip Cap Sleeve Rib Top Flame Scarlet,R608.26,"R1,399.00",Tops And Tanks,3,3,3,3,2,,,,,,,14,"R8,515.65"
TR169,208931 INCD,WOMEN,INDIGO,True Religion Rhinestone Becca Boot Supt Flp Indigo Twilight,"R2,390.87","R5,499.00",Jeans,4,4,4,4,4,4,4,3,2,2,2,37,"R88,462.17"
TR170,209161 IXTL,WOMEN,LIGHT,True Religion Becca Mr Bootcut Flap Lapis Light,"R1,260.43","R2,899.00",Jeans,,,3,,2,,,,2,2,2,11,"R13,864.78"
TR171,209143 1001,WOMEN,BLACK,True Religion Og Crystal Buddha Bby Crew Tee Jet Black,R564.78,"R1,299.00",T-Shirts,3,3,3,3,2,,,,,,,14,"R7,906.96"
TR172,209143 1700,WOMEN,WHITE,True Religion Og Crystal Buddha Bby Crew Tee Optic White,R564.78,"R1,299.00",T-Shirts,3,3,3,3,2,,,,,,,14,"R7,906.96"
TR173,209143 6005,WOMEN,SCARLET,True Religion Og Crystal Buddha Bby Crew Tee Flame Scarlet,R564.78,"R1,299.00",T-Shirts,3,3,3,3,2,,,,,,,14,"R7,906.96"
TR174,208895 1001,WOMEN,BLACK,True Religion Crystal Low Plunge Ss Tee Jet Black,R608.26,"R1,399.00",T-Shirts,2,3,3,3,2,,,,,,,13,"R7,907.39"
TR175,208895 1700,WOMEN,WHITE,True Religion Crystal Low Plunge Ss Tee Optic White,R608.26,"R1,399.00",T-Shirts,3,3,3,3,2,,,,,,,14,"R8,515.65"
TR176,208895 6005,WOMEN,SCARLET,True Religion Crystal Low Plunge Ss Tee Flame Scarlet,R608.26,"R1,399.00",T-Shirts,3,3,3,3,2,,,,,,,14,"R8,515.65"
TR177,209144 1001,WOMEN,BLACK,True Religion Crystal Leopard Baby Tee Jet Black,R608.26,"R1,399.00",T-Shirts,3,3,3,3,2,,,,,,,14,"R8,515.65"
TR178,209144 1700,WOMEN,WHITE,True Religion Crystal Leopard Baby Tee Optic White,R608.26,"R1,399.00",T-Shirts,3,3,3,3,2,,,,,,,14,"R8,515.65"
TR179,209146 1001,WOMEN,BLACK,True Religion Embroidered Buddha Tee Jet Black,R564.78,"R1,299.00",T-Shirts,3,3,3,3,2,,,,,,,14,"R7,906.96"
TR180,209146 1700,WOMEN,WHITE,True Religion Embroidered Buddha Tee Optic White,R564.78,"R1,299.00",T-Shirts,3,3,3,3,2,,,,,,,14,"R7,906.96"
TR181,209364 1702,WOMEN,WHITE,True Religion Buddha Slash Neck Ss Tee Winter White,R564.78,"R1,299.00",T-Shirts,3,3,3,3,2,,,,,,,14,"R7,906.96"
TR182,209364 1001,WOMEN,BLACK,True Religion Buddha Slash Neck Ss Tee Jet Black,R564.78,"R1,299.00",T-Shirts,3,3,3,3,2,,,,,,,14,"R7,906.96"
TR183,209364 6005,WOMEN,SCARLET,True Religion Buddha Slash Neck Ss Tee Flame Scarlet,R564.78,"R1,299.00",T-Shirts,3,3,3,3,2,,,,,,,14,"R7,906.96"
TR184,208902 1001,WOMEN,BLACK,True Religion Front Twist Cap Sleeve Top Jet Black,R608.26,"R1,399.00",Tops And Tanks,3,3,3,3,1,,,,,,,13,"R7,907.39"
TR185,208902 1700,WOMEN,WHITE,True Religion Front Twist Cap Sleeve Top White,R608.26,"R1,399.00",Tops And Tanks,3,3,3,3,1,,,,,,,13,"R7,907.39"
TR186,208902 5407,WOMEN,LILAC,True Religion Front Twist Cap Sleeve Top Fragrant Lilac,R608.26,"R1,399.00",Tops And Tanks,3,3,3,3,2,,,,,,,14,"R8,515.65"
TR187,208905 2142,WOMEN,FLORAL,True Religion Leopard Tr Contrast Cami Top Floral Leopard,R564.78,"R1,299.00",Tops And Tanks,3,3,3,3,2,,,,,,,14,"R7,906.96"
TR188,209147 1001,WOMEN,BLACK,True Religion Lurex Buddha Zip Up Hoodie Jet Black,"R1,130.00","R2,599.00",Hoodies And Sweaters,3,3,3,3,2,,,,,,,14,"R15,820.00"
TR189,209147 6005,WOMEN,SCARLET,True Religion Lurex Buddha Zip Up Hoodie Flame Scarlet,"R1,130.00","R2,599.00",Hoodies And Sweaters,3,2,3,3,1,,,,,,,12,"R13,560.00"
TR190,209168 1001,WOMEN,BLACK,True Religion Lurex Buddha Straight Leg Pant Jet Black,"R1,130.00","R2,599.00",Pants,3,3,3,3,2,,,,,,,14,"R15,820.00"
TR191,209168 6005,WOMEN,SCARLET,True Religion Lurex Buddha Straight Leg Pant Flame Scarlet,"R1,130.00","R2,599.00",Pants,3,3,3,3,2,,,,,,,14,"R15,820.00"
TR192,209148 1001,WOMEN,BLACK,True Religion Patched Boyfriend Hoodie Jet Black,"R1,130.00","R2,599.00",Hoodies And Sweaters,3,3,3,3,2,,,,,,,14,"R15,820.00"
TR193,209148 1501,WOMEN,GREY,True Religion Patched Boyfriend Hoodie Heather Grey,"R1,130.00","R2,599.00",Hoodies And Sweaters,3,1,3,3,,,,,,,,10,"R11,300.00"
TR194,208924 4253,WOMEN,BLUE,True Religion Tr Terry V Notch Hoodie Cerulean Blue,"R1,130.00","R2,599.00",Hoodies And Sweaters,3,3,3,3,2,,,,,,,14,"R15,820.00"
TR195,208924 6005,WOMEN,SCARLET,True Religion Tr Terry V Notch Hoodie Flame Scarlet,"R1,130.00","R2,599.00",Hoodies And Sweaters,3,3,3,3,2,,,,,,,14,"R15,820.00"
TR196,208925 4253,WOMEN,BLUE,True Religion Mr Joey Flare Terry Pants Cerulean Blue,"R1,130.00","R2,599.00",Pants,3,3,3,3,2,,,,,,,14,"R15,820.00"
TR197,208925 6005,WOMEN,SCARLET,True Religion Mr Joey Flare Terry Pants Flame Scarlet,"R1,130.00","R2,599.00",Pants,3,3,3,3,2,,,,,,,14,"R15,820.00"
TR198,209365 1001,WOMEN,BLACK,True Religion Crystal Srs Logo Crew Tee Jet Black,R608.26,"R1,399.00",T-Shirts,3,3,3,3,2,,,,,,,14,"R8,515.65"
TR199,209365 1700,WOMEN,WHITE,True Religion Crystal Srs Logo Crew Tee Optic White,R608.26,"R1,399.00",T-Shirts,3,3,3,3,2,,,,,,,14,"R8,515.65"
TR200,209365 4253,WOMEN,BLUE,True Religion Crystal Srs Logo Crew Tee Cerulean Blue,R608.26,"R1,399.00",T-Shirts,,3,3,3,2,,,,,,,11,"R6,690.87"
TR201,209152 1096,WOMEN,BLACK-WHITE,True Religion Crystal Contrast Ringer Tee Black-White,R608.26,"R1,399.00",T-Shirts,3,3,3,3,2,,,,,,,14,"R8,515.65"
TR202,209152 7008,WOMEN,YELLOW-BLUE,True Religion Crystal Contrast Ringer Tee Yellow-Blue,R608.26,"R1,399.00",T-Shirts,3,3,3,3,2,,,,,,,14,"R8,515.65"
TR203,209152 1836,WOMEN,WHITE-RED,True Religion Crystal Contrast Ringer Tee White-Red,R608.26,"R1,399.00",T-Shirts,3,3,3,3,2,,,,,,,14,"R8,515.65"
TR204,208918 1001,WOMEN,BLACK,True Religion Sporty Ss Raglan Ribbed Top Jet Black,R477.83,"R1,099.00",T-Shirts,3,3,3,3,2,,,,,,,14,"R6,689.57"
TR205,208918 1700,WOMEN,WHITE,True Religion Sporty Ss Raglan Ribbed Top Optic White,R477.83,"R1,099.00",T-Shirts,3,3,3,3,2,,,,,,,14,"R6,689.57"
TR206,208918 4253,WOMEN,BLUE,True Religion Sporty Ss Raglan Ribbed Top Cerulean Blue,R477.83,"R1,099.00",T-Shirts,3,3,3,3,2,,,,,,,14,"R6,689.57"
TR207,208920 4903,WOMEN,DRESS BLUE,True Religion Sporty Terry Polo Top Dress Blue,R738.70,"R1,699.00",Golfers,3,3,3,3,,,,,,,,12,"R8,864.35"
TR208,208920 6005,WOMEN,SCARLET,True Religion Sporty Terry Polo Top Flame Scarlet,R738.70,"R1,699.00",Golfers,3,3,3,3,1,,,,,,,13,"R9,603.04"
TR209,209163 1001,WOMEN,BLACK,True Religion Shrunken Nylon Track Jacket Jet Black,"R1,651.74","R3,799.00",Jackets,3,3,3,3,1,,,,,,,13,"R21,472.61"
TR210,209163 6005,WOMEN,SCARLET,True Religion Shrunken Nylon Track Jacket Flame Scarle,"R1,651.74","R3,799.00",Jackets,3,3,3,3,1,,,,,,,13,"R21,472.61"
TR211,209164 1001,WOMEN,BLACK,True Religion Mr Nylon Track Pants Jet Black,"R1,651.74","R3,799.00",Pants,3,3,3,3,1,,,,,,,13,"R21,472.61"
TR212,209164 6005,WOMEN,SCARLET,True Religion Mr Nylon Track Pants Flame Scarlet,"R1,651.74","R3,799.00",Pants,3,3,3,3,1,,,,,,,13,"R21,472.61"
TR213,209650 IZCL,WOMEN,BLUE,True Religion Jennie Mr Skinny Flap Sup T Blue Crystal,"R2,390.87","R5,499.00",Jeans,3,3,3,3,3,3,3,3,3,2,2,31,"R74,116.96"
TR214,208959 IZHB,WOMEN,MIDNIGHT SEA,True Religion Jennie Mr Curvy Skny Flp Big T Midnight Sea,"R1,260.43","R2,899.00",Jeans,3,3,3,3,3,3,3,3,3,2,2,31,"R39,073.48"
TR215,208962 IMMD,WOMEN,OCEAN GLOW,True Religion Becca Mr Bootcut Flap Big T Ocean Glow,"R1,260.43","R2,899.00",Jeans,3,3,3,3,3,3,3,3,3,2,2,31,"R39,073.48"
TR216,209651 1001,WOMEN,BLACK,True Religion Crystal Rib Crop Tank Jet Black,R564.78,"R1,299.00",Tops And Tanks,3,3,3,3,2,,,,,,,14,"R7,906.96"
TR217,209651 1700,WOMEN,WHITE,True Religion Crystal Rib Crop Tank Optic White,R564.78,"R1,299.00",Tops And Tanks,2,3,2,1,2,,,,,,,10,"R5,647.83"
TR218,209651 6005,WOMEN,SCARLET,True Religion Crystal Rib Crop Tank Flame Scarlet,R564.78,"R1,299.00",Tops And Tanks,3,3,3,3,2,,,,,,,14,"R7,906.96"
TR219,209654 1001,WOMEN,BLACK,True Religion Crystal Butterfly Ss Baby Tee Jet Black,R608.26,"R1,399.00",T-Shirts,1,2,2,3,2,,,,,,,10,"R6,082.61"
TR220,209654 1700,WOMEN,WHITE,True Religion Crystal Butterfly Ss Baby Tee Optic White,R608.26,"R1,399.00",T-Shirts,1,2,2,3,2,,,,,,,10,"R6,082.61"
TR221,209654 4253,WOMEN,BLUE,True Religion Crystal Butterfly Ss Baby Tee Cerulean Blue,R608.26,"R1,399.00",T-Shirts,3,3,3,3,2,,,,,,,14,"R8,515.65"